{
  "consistency_max_dev_m": {
    "lidar": 0.0,
    "camera": 0.0
  },
  "rig": {
    "lidars": {
      "front_wide_lidar": {
        "t": [
          1.4814395904541016,
          0.15145397186279297,
          1.9613094329833984
        ],
        "q": [
          0.9999845662666732,
          -0.0010785772507034262,
          0.00034341539272751866,
          0.005439298248478007
        ],
        "forward_xy": [
          0.9999405922008643,
          0.010877687799538436
        ],
        "yaw_deg": 0.6232580453311378
      },
      "front_narrow_lidar": {
        "t": [
          1.4842891693115234,
          -0.1575927734375,
          2.0067996978759766
        ],
        "q": [
          0.9999586883588181,
          -0.0016038098745622064,
          -0.0008869791004295706,
          0.008902956681559824
        ],
        "forward_xy": [
          0.9998399012608034,
          0.017808022863295473
        ],
        "yaw_deg": 1.0203800420462323
      },
      "right_lidar": {
        "t": [
          0.653986930847168,
          -0.6788597106933594,
          1.9556798934936523
        ],
        "q": [
          0.715645684900906,
          0.020528717368394046,
          0.02117804665600235,
          -0.6978404658557412
        ],
        "forward_xy": [
          0.025140349108156546,
          -0.9979435200093669
        ],
        "yaw_deg": -88.5569010021099
      },
      "rear_wide_lidar": {
        "t": [
          -0.8188676834106445,
          0.06613349914550781,
          2.0062294006347656
        ],
        "q": [
          0.007004140084544452,
          0.02088645701026154,
          -0.004116180434926184,
          -0.9997488459577544
        ],
        "forward_xy": [
          -0.9990293958704692,
          -0.014176706784300658
        ],
        "yaw_deg": -179.18699994796228
      },
      "rear_narrow_lidar": {
        "t": [
          -0.9184436798095703,
          -0.2973966598510742,
          1.971369743347168
        ],
        "q": [
          0.004044102056417114,
          0.01895832464726596,
          -0.003372379127355956,
          -0.9998064083732148
        ],
        "forward_xy": [
          -0.9992484543302522,
          -0.008214507620902409
        ],
        "yaw_deg": -179.52900000638257
      },
      "left_lidar": {
        "t": [
          0.696711540222168,
          0.4950294494628906,
          1.9350395202636719
        ],
        "q": [
          0.7101284760223961,
          -0.012011143207512292,
          0.009147676508714635,
          0.7039102215449424
        ],
        "forward_xy": [
          0.00885344003808397,
          0.9995136376594701
        ],
        "yaw_deg": 89.49250168956868
      }
    },
    "cameras": {
      "front_wide_camera": {
        "t": [
          1.450486183166504,
          0.02834606170654297,
          2.068148612976074
        ],
        "q": [
          0.5102974758926757,
          -0.5069345222387176,
          0.49323266613871536,
          -0.4892191873934032
        ],
        "forward_xy": [
          0.03477224747966556,
          -0.9993679648933563
        ],
        "yaw_deg": -88.00724088462245
      },
      "front_narrow_camera": {
        "t": [
          1.5873661041259766,
          -0.04192352294921875,
          1.9876890182495117
        ],
        "q": [
          0.5093264509361423,
          -0.5018575718165257,
          0.4959898224450527,
          -0.4926658502658156
        ],
        "forward_xy": [
          0.022548912025572188,
          -0.9996879939026172
        ],
        "yaw_deg": -88.70785838884456
      },
      "right_camera": {
        "t": [
          0.46616363525390625,
          -0.8325567245483398,
          1.9415292739868164
        ],
        "q": [
          0.0033002832089880497,
          -0.0005305082105677891,
          0.7268875555353376,
          -0.6867483587891859
        ],
        "forward_xy": [
          -0.9999776533835578,
          -0.005304167787366195
        ],
        "yaw_deg": -179.69608963071983
      },
      "rear_wide_camera": {
        "t": [
          -0.9253005981445312,
          -0.12856578826904297,
          1.9785089492797852
        ],
        "q": [
          0.4754960621620929,
          -0.508376726619313,
          -0.5162703486814013,
          0.49892036015035485
        ],
        "forward_xy": [
          -0.030913197400350922,
          0.9993889929944981
        ],
        "yaw_deg": 91.77171370565642
      },
      "rear_narrow_camera": {
        "t": [
          -0.9876918792724609,
          -0.0903463363647461,
          1.9800119400024414
        ],
        "q": [
          0.49155854708309193,
          -0.5252860734249833,
          -0.49699106336753235,
          0.4852263582990233
        ],
        "forward_xy": [
          0.03511052828935468,
          0.9991592957910516
        ],
        "yaw_deg": 87.98745036671495
      },
      "left_camera": {
        "t": [
          0.8492631912231445,
          0.6039619445800781,
          1.9306373596191406
        ],
        "q": [
          0.6945995785145798,
          -0.7193544011134161,
          0.004247886653527185,
          -0.006528903821113956
        ],
        "forward_xy": [
          0.9998786577477469,
          -0.015181419603907408
        ],
        "yaw_deg": -0.8698699903957496
      }
    }
  },
  "lidar_lidar_baselines_m": {
    "front_wide_lidar--front_narrow_lidar": 0.31238978069131157,
    "front_wide_lidar--right_lidar": 1.1722330856299072,
    "front_wide_lidar--rear_wide_lidar": 2.302327287931401,
    "front_wide_lidar--rear_narrow_lidar": 2.4415175220190433,
    "front_wide_lidar--left_lidar": 0.8570486158574958,
    "front_narrow_lidar--right_lidar": 0.9816996798792952,
    "front_narrow_lidar--rear_wide_lidar": 2.3139976790230175,
    "front_narrow_lidar--rear_narrow_lidar": 2.4070574468798664,
    "front_narrow_lidar--left_lidar": 1.0253505794392506,
    "right_lidar--rear_wide_lidar": 1.651323968856129,
    "right_lidar--rear_narrow_lidar": 1.6181156497224334,
    "right_lidar--left_lidar": 1.174847725275776,
    "rear_wide_lidar--rear_narrow_lidar": 0.3785297230933495,
    "rear_wide_lidar--left_lidar": 1.576705463418371,
    "rear_narrow_lidar--left_lidar": 1.7994403042689517
  }
}