{
  "n_sequences": 100,
  "total_frames": 10000,
  "total_bboxes": 1361742,
  "total_unique_tracks": 25650,
  "total_duration_s": 990.0,
  "total_size_bytes": 91137303076,
  "class_counts": {
    "car": 400013,
    "pole_trunk": 533202,
    "traffic_item": 83232,
    "bus": 4851,
    "traffic_sign": 239171,
    "unknown": 19874,
    "other_structure": 10831,
    "pedestrian": 43790,
    "other_vehicle": 1557,
    "bicycle": 6253,
    "truck": 13034,
    "trailer": 1795,
    "motorcyclist": 326,
    "motorcycle": 909,
    "bicyclist": 2091,
    "vehicle_on_rails": 547,
    "animal": 266
  },
  "scene_distribution_str": {
    "city|day": 30,
    "highway|day": 30,
    "city|night": 20,
    "highway|night": 20
  },
  "bbox_speed_per_class_stats": {
    "car": {
      "n": 400013,
      "mean": 9.728644293927522,
      "median": 4.586757575113371,
      "p95": 32.08054673787941,
      "max": 178.41546690309664
    },
    "pole_trunk": {
      "n": 533202,
      "mean": 1.591409465641139,
      "median": 0.3138845159089505,
      "p95": 1.437000361371063,
      "max": 65.59948533274626
    },
    "traffic_item": {
      "n": 83232,
      "mean": 0.6974061570067887,
      "median": 0.24319306293521725,
      "p95": 0.9382468009345364,
      "max": 50.26017363520488
    },
    "bus": {
      "n": 4851,
      "mean": 14.009255727611702,
      "median": 11.166665132318293,
      "p95": 32.03723119663519,
      "max": 72.69354736657704
    },
    "traffic_sign": {
      "n": 239171,
      "mean": 1.7058217524173516,
      "median": 0.3747154536916754,
      "p95": 1.9460576072703735,
      "max": 75.08683317076695
    },
    "unknown": {
      "n": 19874,
      "mean": 0.3721274206231311,
      "median": 0.27427198491605653,
      "p95": 0.8903908326376372,
      "max": 2.907477814770844
    },
    "other_structure": {
      "n": 10831,
      "mean": 0.4141921079324324,
      "median": 0.24485791734016948,
      "p95": 0.9221603167559314,
      "max": 16.81170267822584
    },
    "pedestrian": {
      "n": 43790,
      "mean": 1.0138362393077944,
      "median": 0.9929147848994235,
      "p95": 1.8847626616122706,
      "max": 9.38884098239896
    },
    "other_vehicle": {
      "n": 1557,
      "mean": 3.2428686379406346,
      "median": 0.7694637862223236,
      "p95": 17.505883049004314,
      "max": 31.383646807481494
    },
    "bicycle": {
      "n": 6253,
      "mean": 1.174153882454757,
      "median": 0.3444316534676575,
      "p95": 5.476765441400997,
      "max": 13.316608412481989
    },
    "truck": {
      "n": 13034,
      "mean": 10.823779669460455,
      "median": 7.140276391863886,
      "p95": 30.68836056221198,
      "max": 70.1483115135841
    },
    "trailer": {
      "n": 1795,
      "mean": 8.228082610651516,
      "median": 5.647852637322197,
      "p95": 25.776897229577088,
      "max": 46.020194719069366
    },
    "motorcyclist": {
      "n": 326,
      "mean": 21.76529429267399,
      "median": 13.394644504746484,
      "p95": 52.717655822485604,
      "max": 68.7088520070933
    },
    "motorcycle": {
      "n": 909,
      "mean": 9.052323143224358,
      "median": 0.9215077962095423,
      "p95": 44.46486703269913,
      "max": 67.21522709625513
    },
    "bicyclist": {
      "n": 2091,
      "mean": 3.966882124425683,
      "median": 4.032770003703945,
      "p95": 7.554877388972276,
      "max": 11.310654304864547
    },
    "vehicle_on_rails": {
      "n": 547,
      "mean": 10.131153368023561,
      "median": 5.536232795403766,
      "p95": 20.089185918576938,
      "max": 24.48638974185588
    },
    "animal": {
      "n": 266,
      "mean": 1.2605259114012608,
      "median": 1.3462805009938732,
      "p95": 2.0769844402759676,
      "max": 3.179876758748565
    }
  }
}