{
  "n_objects": 35581,
  "ratio_mean": 2.3534149775139555,
  "ratio_median": 2.1694905906956214,
  "ratio_std": 2.412712335134692,
  "ratio_min": 0.00031270094452166066,
  "ratio_max": 101.75764652383137,
  "percentiles": {
    "25": 0.8611861006280337,
    "50": 2.1694905906956214,
    "75": 3.1668671925385263,
    "90": 4.377086132004431,
    "95": 5.611052037825924,
    "99": 8.33420909040883
  },
  "distribution": {
    "<0.5": 7854,
    "0.5-1.0": 1369,
    "1.0-2.0": 6662,
    "2.0-5.0": 17206,
    "5.0-10.0": 2275,
    ">10.0": 215
  },
  "per_class": {
    "pole_trunk": {
      "count": 15422,
      "ratio_mean": 2.8596900228987923,
      "ratio_median": 2.5807100520517414
    },
    "car": {
      "count": 9708,
      "ratio_mean": 1.1609270114768249,
      "ratio_median": 0.1904383554195952
    },
    "traffic_sign": {
      "count": 5955,
      "ratio_mean": 3.196683148541877,
      "ratio_median": 2.7833768332905366
    },
    "traffic_item": {
      "count": 1509,
      "ratio_mean": 2.9305687377770946,
      "ratio_median": 2.4694319532701807
    },
    "truck": {
      "count": 720,
      "ratio_mean": 0.3909847080785521,
      "ratio_median": 0.11950182945791113
    },
    "unknown": {
      "count": 715,
      "ratio_mean": 2.7153573314177533,
      "ratio_median": 2.3405065323058962
    },
    "pedestrian": {
      "count": 449,
      "ratio_mean": 2.0677353397463443,
      "ratio_median": 1.2576166770706727
    },
    "bicycle": {
      "count": 357,
      "ratio_mean": 2.759654404289188,
      "ratio_median": 2.154214298825872
    },
    "bus": {
      "count": 281,
      "ratio_mean": 0.20227964661686873,
      "ratio_median": 0.11523843445309176
    },
    "other_structure": {
      "count": 206,
      "ratio_mean": 2.5002538766152824,
      "ratio_median": 2.056067240320327
    }
  }
}